{
  "dataset": {
    "name": "phishing_paper_delta050",
    "snapshot": "2026-06-25",
    "n_urls": 1000,
    "malicious_pct": 50.0,
    "n_features": 38,
    "windows": 5
  },
  "config": {
    "pop_size": 10,
    "generations": 5,
    "n_runs": 5,
    "ablation_runs": 2,
    "base_seed": 20240101,
    "knn_k": 5,
    "n_windows": 5,
    "mec_delta": 0.05,
    "attack_budgets": [
      1.0,
      2.0,
      3.0,
      4.0,
      5.0
    ],
    "test_size": 0.2,
    "val_size": 0.2,
    "amofs": {
      "alpha": 2.0,
      "beta": 1.5,
      "pc_min": 0.6,
      "pc_max": 0.95,
      "eta_min": 0.02,
      "eta_max": 0.4,
      "lam": 0.5,
      "eps": 0.05,
      "use_ancf": true,
      "use_agdm": true
    }
  },
  "metrics": {
    "NSGA-II": {
      "hv_mean": 0.0032,
      "hv_std": 0.00024494897427831773,
      "igd_mean": 0.04912533734391393,
      "igd_std": 0.013559683876275071,
      "bacc_mean": 0.999,
      "bacc_std": 0.0022360679774997916,
      "f1_mean": 0.9989949748743718,
      "f1_std": 0.0022473044999997984,
      "auc_mean": 0.999,
      "auc_std": 0.0022360679774997916,
      "stability_mean": 0.3800372472683685,
      "stability_std": 0.11085622371872537,
      "features_mean": 10.4,
      "features_std": 2.8809720581775866,
      "latency_ms_mean": 0.0037322999978641747,
      "latency_ms_std": 0.0006811125656318747
    },
    "MOEA/D": {
      "hv_mean": 0.00292,
      "hv_std": 0.0003033150177620622,
      "igd_mean": 0.06571521254473126,
      "igd_std": 0.016253354062536935,
      "bacc_mean": 0.999,
      "bacc_std": 0.0022360679774997916,
      "f1_mean": 0.9989949748743718,
      "f1_std": 0.0022473044999997984,
      "auc_mean": 0.999,
      "auc_std": 0.0022360679774997916,
      "stability_mean": 0.34873028420854507,
      "stability_std": 0.05278078756582801,
      "features_mean": 9.2,
      "features_std": 1.7888543819998317,
      "latency_ms_mean": 0.0046726999989914475,
      "latency_ms_std": 0.0013149513543644377
    },
    "SPEA2": {
      "hv_mean": 0.0033999999999999994,
      "hv_std": 0.00024494897427831773,
      "igd_mean": 0.04719350027222756,
      "igd_std": 0.002992788077157121,
      "bacc_mean": 0.999,
      "bacc_std": 0.0022360679774997916,
      "f1_mean": 0.9989949748743718,
      "f1_std": 0.0022473044999997984,
      "auc_mean": 0.999,
      "auc_std": 0.0022360679774997916,
      "stability_mean": 0.36286726896292115,
      "stability_std": 0.09720450760351318,
      "features_mean": 10.4,
      "features_std": 2.4083189157584592,
      "latency_ms_mean": 0.003950800000893651,
      "latency_ms_std": 0.0005819052339374035
    },
    "BPSO": {
      "hv_mean": 0.0033600000000000006,
      "hv_std": 0.0003577708763999663,
      "igd_mean": 0.09524687574256466,
      "igd_std": 0.02987657796892063,
      "bacc_mean": 1.0,
      "bacc_std": 0.0,
      "f1_mean": 1.0,
      "f1_std": 0.0,
      "auc_mean": 1.0,
      "auc_std": 0.0,
      "stability_mean": 0.5370240252501122,
      "stability_std": 0.10718912405137042,
      "features_mean": 16.6,
      "features_std": 4.61519230368573,
      "latency_ms_mean": 0.00420020000092336,
      "latency_ms_std": 0.0011039003945344176
    },
    "BGWO": {
      "hv_mean": 0.0027199999999999998,
      "hv_std": 0.0003033150177620622,
      "igd_mean": 0.08407300121428124,
      "igd_std": 0.02165361440172782,
      "bacc_mean": 0.9969999999999999,
      "bacc_std": 0.004472135954999583,
      "f1_mean": 0.9969949748743719,
      "f1_std": 0.0044749583112671165,
      "auc_mean": 0.99899,
      "auc_std": 0.002258428657274787,
      "stability_mean": 0.35448842461885943,
      "stability_std": 0.04812134670699548,
      "features_mean": 12.6,
      "features_std": 2.4083189157584592,
      "latency_ms_mean": 0.004483699998672819,
      "latency_ms_std": 0.0011161645589310896
    },
    "AMOFS": {
      "hv_mean": 0.0032,
      "hv_std": 0.0001414213562373094,
      "igd_mean": 0.05296860038383827,
      "igd_std": 0.012697028338251119,
      "bacc_mean": 0.999,
      "bacc_std": 0.0022360679774997916,
      "f1_mean": 0.9989949748743718,
      "f1_std": 0.0022473044999997984,
      "auc_mean": 1.0,
      "auc_std": 0.0,
      "stability_mean": 0.40355856043270233,
      "stability_std": 0.07602421051502167,
      "features_mean": 11.0,
      "features_std": 2.0,
      "latency_ms_mean": 0.00455320000219217,
      "latency_ms_std": 0.0012284159812678234
    }
  },
  "raw_runs": {
    "NSGA-II": {
      "hv": [
        0.0036,
        0.0032,
        0.0032,
        0.003,
        0.003
      ],
      "igd": [
        0.03805157899129258,
        0.04580768580372172,
        0.04444132823036902,
        0.04455720718768576,
        0.0727688865065006
      ],
      "bacc": [
        1.0,
        0.995,
        1.0,
        1.0,
        1.0
      ],
      "f1": [
        1.0,
        0.9949748743718593,
        1.0,
        1.0,
        1.0
      ],
      "auc": [
        1.0,
        0.995,
        1.0,
        1.0,
        1.0
      ],
      "stability": [
        0.4586466165413533,
        0.21739130434782605,
        0.48819875776397514,
        0.3203651421042726,
        0.4155844155844155
      ],
      "features": [
        11.0,
        6.0,
        14.0,
        10.0,
        11.0
      ],
      "latency_ms": [
        0.003489499995339429,
        0.0033534999965922907,
        0.0034994999987247866,
        0.0033739999980753055,
        0.0049450000005890615
      ],
      "evasion": [
        [
          0.0,
          0.0,
          0.0,
          0.0,
          0.0
        ],
        [
          100.0,
          100.0,
          100.0,
          100.0,
          100.0
        ],
        [
          0.0,
          0.0,
          0.0,
          0.0,
          0.0
        ],
        [
          0.0,
          0.0,
          0.0,
          0.0,
          0.0
        ],
        [
          0.0,
          0.0,
          0.0,
          0.0,
          0.0
        ]
      ]
    },
    "MOEA/D": {
      "hv": [
        0.003,
        0.0032,
        0.0026,
        0.0032,
        0.0026
      ],
      "igd": [
        0.07999588578815724,
        0.05177404896534315,
        0.08323407989196334,
        0.0469875324452911,
        0.06658451563290149
      ],
      "bacc": [
        1.0,
        1.0,
        1.0,
        0.995,
        1.0
      ],
      "f1": [
        1.0,
        1.0,
        1.0,
        0.9949748743718593,
        1.0
      ],
      "auc": [
        1.0,
        1.0,
        1.0,
        0.995,
        1.0
      ],
      "stability": [
        0.3478787878787879,
        0.3612121212121212,
        0.3368115942028985,
        0.4225108225108225,
        0.2752380952380953
      ],
      "features": [
        9.0,
        9.0,
        9.0,
        12.0,
        7.0
      ],
      "latency_ms": [
        0.0060739999935321975,
        0.003963500003010267,
        0.006127999995442224,
        0.0037135000002308516,
        0.0034845000027416972
      ],
      "evasion": [
        [
          0.0,
          0.0,
          6.0,
          71.0,
          72.0
        ],
        [
          6.0,
          6.0,
          6.0,
          68.0,
          68.0
        ],
        [
          8.0,
          8.0,
          8.0,
          67.0,
          67.0
        ],
        [
          1.0,
          1.0,
          99.0,
          99.0,
          99.0
        ],
        [
          0.0,
          0.0,
          0.0,
          0.0,
          0.0
        ]
      ]
    },
    "SPEA2": {
      "hv": [
        0.0034,
        0.0036,
        0.0036,
        0.003,
        0.0034
      ],