{
  "dataset": {
    "name": "smoke",
    "snapshot": "1970-01-01",
    "n_urls": 500,
    "malicious_pct": 55.0,
    "n_features": 20,
    "windows": 3
  },
  "config": {
    "pop_size": 20,
    "generations": 25,
    "n_runs": 3,
    "ablation_runs": 2,
    "base_seed": 20240101,
    "knn_k": 5,
    "n_windows": 3,
    "mec_delta": 0.05,
    "attack_budgets": [
      1.0,
      2.0,
      3.0,
      4.0,
      5.0
    ],
    "test_size": 0.2,
    "val_size": 0.2,
    "amofs": {
      "alpha": 2.0,
      "beta": 1.5,
      "pc_min": 0.6,
      "pc_max": 0.95,
      "eta_min": 0.02,
      "eta_max": 0.4,
      "lam": 0.5,
      "eps": 0.05,
      "use_ancf": true,
      "use_agdm": true
    }
  },
  "metrics": {
    "NSGA-II": {
      "hv_mean": 0.03206666666666667,
      "hv_std": 0.005500303021955549,
      "igd_mean": 0.03051476508777694,
      "igd_std": 0.006817213784195435,
      "bacc_mean": 0.9909090909090909,
      "bacc_std": 0.009090909090909094,
      "f1_mean": 0.9907690565182921,
      "f1_std": 0.009259389147236067,
      "auc_mean": 0.9998653198653198,
      "auc_std": 0.00023327283603621394,
      "stability_mean": 0.6292929292929293,
      "stability_std": 0.05338266772413664,
      "features_mean": 7.0,
      "features_std": 1.0,
      "latency_ms_mean": 0.00922966667227835,
      "latency_ms_std": 0.0021969443236767774
    },
    "MOEA/D": {
      "hv_mean": 0.0184,
      "hv_std": 0.0034698703145794943,
      "igd_mean": 0.1087540800672208,
      "igd_std": 0.008745856359156296,
      "bacc_mean": 0.9505050505050505,
      "bacc_std": 0.030353493335993405,
      "f1_mean": 0.9541206457094308,
      "f1_std": 0.027282650907381675,
      "auc_mean": 0.9855892255892256,
      "auc_std": 0.014880174160128126,
      "stability_mean": 0.7000000000000001,
      "stability_std": 0.10000000000000009,
      "features_mean": 7.0,
      "features_std": 1.0,
      "latency_ms_mean": 0.006964333339662214,
      "latency_ms_std": 0.0001752493528684242
    },
    "SPEA2": {
      "hv_mean": 0.030666666666666665,
      "hv_std": 0.0022120880030716086,
      "igd_mean": 0.031039727540886745,
      "igd_std": 0.009799300620259849,
      "bacc_mean": 0.952861952861953,
      "bacc_std": 0.015659280746442395,
      "f1_mean": 0.9575575241463091,
      "f1_std": 0.013781576470291284,
      "auc_mean": 0.9882828282828283,
      "auc_std": 0.010909090909090924,
      "stability_mean": 0.7585858585858585,
      "stability_std": 0.09960128655821997,
      "features_mean": 8.333333333333334,
      "features_std": 1.1547005383792517,
      "latency_ms_mean": 0.006916000008156213,
      "latency_ms_std": 3.500000275380483e-05
    },
    "BPSO": {
      "hv_mean": 0.021666666666666667,
      "hv_std": 0.004300387579432037,
      "igd_mean": 0.16872184252148728,
      "igd_std": 0.02421685657557603,
      "bacc_mean": 0.9602693602693604,
      "bacc_std": 0.027595052511330456,
      "f1_mean": 0.963508429179783,
      "f1_std": 0.023903541122735683,
      "auc_mean": 0.9859932659932661,
      "auc_std": 0.015280706233513356,
      "stability_mean": 0.7377104377104376,
      "stability_std": 0.12122194124082233,
      "features_mean": 8.333333333333334,
      "features_std": 2.081665999466133,
      "latency_ms_mean": 0.008350333331084888,
      "latency_ms_std": 0.002510792970656167
    },
    "BGWO": {
      "hv_mean": 0.015799999999999998,
      "hv_std": 0.004521061822182926,
      "igd_mean": 0.13710648637681458,
      "igd_std": 0.027419666601776277,
      "bacc_mean": 0.9595959595959597,
      "bacc_std": 0.01924500897298746,
      "f1_mean": 0.9637942332896462,
      "f1_std": 0.015039104325221297,
      "auc_mean": 0.9913131313131314,
      "auc_std": 0.0061442045760588745,
      "stability_mean": 0.4506734006734008,
      "stability_std": 0.2079657506093759,
      "features_mean": 5.666666666666667,
      "features_std": 2.8867513459481287,
      "latency_ms_mean": 0.007271333336878645,
      "latency_ms_std": 0.0005105686408221474
    },
    "AMOFS": {
      "hv_mean": 0.03006666666666667,
      "hv_std": 0.0035232560697930184,
      "igd_mean": 0.04007194835790381,
      "igd_std": 0.006226280470886847,
      "bacc_mean": 0.9468013468013469,
      "bacc_std": 0.021719129189050647,
      "f1_mean": 0.951286148533855,
      "f1_std": 0.018731840485190863,
      "auc_mean": 0.9870033670033669,
      "auc_std": 0.004518814564257948,
      "stability_mean": 0.5838383838383838,
      "stability_std": 0.10384408269548256,
      "features_mean": 6.0,
      "features_std": 1.0,
      "latency_ms_mean": 0.007295999997343945,
      "latency_ms_std": 0.00040063574568763603
    }
  },
  "raw_runs": {
    "NSGA-II": {
      "hv": [
        0.0376,
        0.032,
        0.0266
      ],
      "igd": [
        0.02309063822173381,
        0.031960518968443256,
        0.03649313807315376
      ],
      "bacc": [
        1.0,
        0.990909090909091,
        0.9818181818181818
      ],
      "f1": [
        1.0,
        0.9908256880733946,
        0.9814814814814815
      ],
      "auc": [
        1.0,
        1.0,
        0.9995959595959596
      ],
      "stability": [
        0.6,
        0.6909090909090909,
        0.5969696969696969
      ],
      "features": [
        6.0,
        8.0,
        7.0
      ],
      "latency_ms": [
        0.011762000012822682,
        0.007832999999664025,
        0.008094000004348345
      ],
      "evasion": [
        [
          34.54545454545455,
          92.72727272727273,
          92.72727272727273,
          92.72727272727273,
          92.72727272727273
        ],
        [
          21.818181818181817,
          60.0,
          94.54545454545455,
          94.54545454545455,
          94.54545454545455
        ],
        [
          21.818181818181817,
          81.81818181818181,
          81.81818181818181,
          81.81818181818181,
          81.81818181818181
        ]
      ]
    },
    "MOEA/D": {
      "hv": [
        0.0154,
        0.0176,
        0.0222
      ],
      "igd": [
        0.10905763823872318,
        0.09986039656753437,
        0.11734420539540483
      ],
      "bacc": [
        0.9797979797979798,
        0.9191919191919191,
        0.9525252525252526
      ],
      "f1": [
        0.9818181818181818,
        0.9272727272727272,
        0.9532710280373832
      ],
      "auc": [
        0.9991919191919191,
        0.987878787878788,
        0.9696969696969696
      ],
      "stability": [
        0.6,
        0.6999999999999998,
        0.8000000000000002
      ],
      "features": [
        6.0,
        7.0,
        8.0
      ],
      "latency_ms": [
        0.006849000001238892,
        0.0071660000139672775,
        0.006878000003780471
      ],
      "evasion": [
        [
          9.090909090909092,
          92.72727272727273,
          96.36363636363636,
          96.36363636363636,
          96.36363636363636
        ],
        [
          30.90909090909091,
          50.90909090909091,
          94.54545454545455,
          94.54545454545455,
          94.54545454545455
        ],
        [
          56.36363636363637,
          80.0,
          92.72727272727273,
          92.72727272727273,
          92.72727272727273
        ]
      ]
    },
    "SPEA2": {
      "hv": [
        0.0304,
        0.033,
        0.0286
      ],
      "igd": [
        0.04085648624140308,
        0.02125797881122559,
        0.03100471757003156
      ],
      "bacc": [
        0.9686868686868687,
        0.9373737373737374,
        0.9525252525252526
      ],
      "f1": [
        0.972972972972973,
        0.9464285714285714,
        0.9532710280373832
      ],